id,prediction,confidence
0,POISONOUS,0.9912188144729481
1,POISONOUS,0.9912188144729481
2,POISONOUS,0.9912188144729481
3,POISONOUS,0.9912188144729481
4,POISONOUS,0.9912188144729481
